<window>
	<animation effect="fade" start="0" end="100" time="200">WindowOpen</animation>
	<animation effect="fade" start="100" end="0" time="200">WindowClose</animation>
	<coordinates>
		<posx>860</posx>
		<posy>640</posy>
	</coordinates>
	<controls>
		<control type="group">
			<animation effect="slide" start="0,0" end="-190,0" time="200" condition="Window.IsVisible(BusyDialog)">conditional</animation>
			<control type="image">
				<posx>0</posx>
				<posy>0</posy>
				<width>400</width>
				<height>70</height>
				<colordiffuse>EEFFFFFF</colordiffuse>
				<texture border="12">OverlayDialogBackground.png</texture>
			</control>
			<control type="image" id="400">
				<description>avatar</description>
				<posx>20</posx>
				<posy>10</posy>
				<width>50</width>
				<height>50</height>
				<aspectratio>keep</aspectratio>
				<texture>DefaultFile.png</texture>
			</control>
			<control type="fadelabel" id="401">
				<description>Line 1 Label</description>
				<posx>75</posx>
				<posy>15</posy>
				<width>310</width>
				<height>18</height>
				<font>font12_title</font>
				<textcolor>white</textcolor>
				<align>left</align>
				<aligny>center</aligny>
				<scrollout>false</scrollout>
				<pauseatend>2000</pauseatend>
			</control>
			<control type="fadelabel" id="402">
				<description>Line 2 Label</description>
				<posx>75</posx>
				<posy>35</posy>
				<width>310</width>
				<height>20</height>
				<font>font12_title</font>
				<textcolor>grey2</textcolor>
				<align>left</align>
				<aligny>center</aligny>
				<scrollout>false</scrollout>
				<pauseatend>2000</pauseatend>
			</control>
			<control type="image" id="403">
				<description>avatar</description>
				<posx>20</posx>
				<posy>10</posy>
				<width>50</width>
				<height>50</height>
				<aspectratio>keep</aspectratio>
				<visible>false</visible>
				<texture>DefaultIconInfo.png</texture>
			</control>
			<control type="image" id="404">
				<description>avatar</description>
				<posx>20</posx>
				<posy>10</posy>
				<width>50</width>
				<height>50</height>
				<aspectratio>keep</aspectratio>
				<visible>false</visible>
				<texture>DefaultIconWarning.png</texture>
			</control>
			<control type="image" id="405">
				<description>avatar</description>
				<posx>20</posx>
				<posy>10</posy>
				<width>50</width>
				<height>50</height>
				<aspectratio>keep</aspectratio>
				<visible>false</visible>
				<texture>DefaultIconError.png</texture>
			</control>
		</control>
	</controls>
</window>
